"Section","Y"
1,0.069400000000001
2,0.0538000000000005
3,0.0910000000000016
4,0.0752000000000011
5,0.0742000000000011
6,0.0832000000000014
7,0.0486000000000004
8,0.0559000000000006
9,0.0674000000000009
10,0.0813000000000013
11,0.154499999999999
12,0.112200000000002
13,0.130300000000002
14,0.121200000000002
15,0.123800000000003
16,0.0807000000000013
17,0.0800000000000013
18,0.0501000000000004
19,0.110300000000002
20,0.0372
