"Section","Y"
1,0.257799999999988
2,0.208899999999993
3,0.323399999999981
4,0.231499999999991
5,0.245499999999989
6,0.373399999999975
7,0.154599999999999
8,0.233299999999991
9,0.315099999999982
10,0.462899999999965
11,0.932699999999914
12,0.452799999999966
13,0.575199999999953
14,0.397399999999973
15,0.311499999999982
16,0.23989999999999
17,0.227199999999991
18,0.141400000000001
19,0.307699999999982
20,0.119900000000002
